{"cameraMode":{"drawMode":0,"name":"Shaded","section":"Shading Mode"},"sceneLighting":true,"audioPlay":false,"sceneViewState":{"showFog":true,"showMaterialUpdate":false,"showSkybox":true,"showFlares":true,"showImageEffects":true,"showParticleSystems":true},"in2DMode":false,"pivot":{"x":-1.598632574081421,"y":1.6270043849945069,"z":-2.5484933853149416},"rotation":{"x":0.014260209165513516,"y":-0.9300230145454407,"z":0.0362887904047966,"w":0.36543533205986025},"size":3.7236082553863527,"orthographic":false}