{"cameraMode":{"drawMode":0,"name":"Shaded","section":"Shading Mode"},"sceneLighting":true,"audioPlay":false,"sceneViewState":{"showFog":true,"showMaterialUpdate":false,"showSkybox":true,"showFlares":true,"showImageEffects":true,"showParticleSystems":true},"in2DMode":false,"pivot":{"x":5.694000244140625,"y":1.6290000677108765,"z":-2.6499998569488527},"rotation":{"x":-0.19699467718601228,"y":-0.5652141571044922,"z":0.14120100438594819,"w":-0.7885409593582153},"size":6.769330024719238,"orthographic":false}