{"cameraMode":{"drawMode":0,"name":"Shaded","section":"Shading Mode"},"sceneLighting":true,"audioPlay":false,"sceneViewState":{"showFog":true,"showMaterialUpdate":false,"showSkybox":true,"showFlares":true,"showImageEffects":true,"showParticleSystems":true},"in2DMode":false,"pivot":{"x":0.806640625,"y":2.1192681789398195,"z":-3.581496477127075},"rotation":{"x":0.0672621801495552,"y":-0.07416095584630966,"z":0.0050134966149926189,"w":0.9949643015861511},"size":5.093008995056152,"orthographic":true}